{
  "\uc0c1\ud488\uc911\ubd84\ub9582": {
    "11.\uc77c\ubc18\uc885\uc2e0": 0.21318619873038844,
    "38.\uac74\uac15": 0.21284083807518994,
    "32.\uc554": 0.10910929842449758,
    "20.CI": 0.09312403381245273,
    "12.\ubcc0\uc561\uc885\uc2e0": 0.059582935894484094,
    "31.\uc5b4\ub9b0\uc774": 0.05321843239154031,
    "41.\uc77c\ubc18\uc5f0\uae08": 0.04921389336578627,
    "37.\uce58\uc544": 0.03927244021971516,
    "34.\uc2e4\uc190": 0.0357941650495017,
    "39.\uac04\ubcd1": 0.03567082195835937,
    "42.\ubcc0\uc561\uc5f0\uae08": 0.023213169752984902,
    "\uae30\ud0c0": 0.021897510114133472,
    "43.\uc801\uaca9\uc5f0\uae08": 0.017465381705752722,
    "33.\uc0c1\ud574": 0.01579613853895997,
    "51.\uc77c\ubc18\uc800\ucd95": 0.009053382889846397,
    "35.\uc815\uae30": 0.006668749794428181,
    "52.\ubcc0\uc561\uc800\ucd95": 0.004662368845179752,
    "36.\ub2e8\uccb4": 0.0002302404367990001
  },
  "\uacc4\uc57d\uc77c\uc790": {
    "mean": 1491461845.002138,
    "std": 232125586.204033
  },
  "prdt_cat": {
    "mean": 5.625530375291912,
    "std": 4.666905701383894
  }
}