{
  "\uc0c1\ud488\uc911\ubd84\ub9582": {
    "38.\uac74\uac15": 0.5008608321377331,
    "11.\uc77c\ubc18\uc885\uc2e0": 0.20363462458153994,
    "31.\uc5b4\ub9b0\uc774": 0.1588235294117647,
    "37.\uce58\uc544": 0.04021999043519847,
    "41.\uc77c\ubc18\uc5f0\uae08": 0.034959349593495934,
    "43.\uc801\uaca9\uc5f0\uae08": 0.017168818747011,
    "32.\uc554": 0.0163558106169297,
    "51.\uc77c\ubc18\uc800\ucd95": 0.013103778096604495,
    "35.\uc815\uae30": 0.006217120994739359,
    "39.\uac04\ubcd1": 0.0046389287422285985,
    "20.CI": 0.0026781444285031084,
    "33.\uc0c1\ud574": 0.0013390722142515542
  },
  "\uacc4\uc57d\uc77c\uc790": {
    "mean": 1696168500.430416,
    "std": 1595786.191802846
  },
  "prdt_cat": {
    "mean": 2.196413199426112,
    "std": 1.815387054812788
  }
}